"registered","publisher",Count
1072911600000,"World Data Center for Climate (WDCC) at DKRZ",12
1072911600000,"PANGAEA - Data Publisher for Earth & Environmental Science",1
1104534000000,"PANGAEA - Data Publisher for Earth & Environmental Science",20668
1104534000000,"World Data Center for Climate (WDCC)",1669
1104534000000,"World Data Center for Climate (WDCC) at DKRZ",11
1136070000000,"PANGAEA - Data Publisher for Earth & Environmental Science",46227
1136070000000,"World Data Center for Climate (WDCC)",46
1136070000000,"World Data Center for Climate (WDCC) at DKRZ",33
1136070000000,"Deutsches GeoForschungsZentrum GFZ",1
1167606000000,"PANGAEA - Data Publisher for Earth & Environmental Science",19197
1167606000000,"IWF (Göttingen)",846
1167606000000,"ÖWF (Wien)",8
1167606000000,"Deutsches GeoForschungsZentrum GFZ",5
1167606000000,"Reichsanstalt für Film und Bild in Wissenschaft und Unterricht (RWU)",5
1167606000000,"World Data Center for Climate (WDCC) at DKRZ",4
1167606000000,"Freie Universität Berlin, Zentraleinrichtung für AV-Medien",3
1167606000000,"Gesellschaft für den Kulturwissenschaftlichen Film (Göttingen)",3
1167606000000,IWF,3
1167606000000,"Container TV AG (Bern)",2
1167606000000,"IWF(Göttingen)",2
1167606000000,"Gesellschaft für den kulturwissenschaftlichen Film (Gleichen)",1
1167606000000,"IWF (Göttingen) ; Gesellschaft für den Kulturwissenschaftlichen Film (Göttingen)",1
1167606000000,"Institut für Film und Bild in Wissenschaft und Unterricht (FWU),IWF (Göttingen)",1
1167606000000,"ÖWF (Wien),Institut für Volkskunde der Universität Wien (Wien)",1
1199142000000,"PANGAEA - Data Publisher for Earth & Environmental Science",17490
1199142000000,"World Data Center for Climate (WDCC) at DKRZ",3
1199142000000,"Deutsches GeoForschungsZentrum GFZ",1
1230764400000,"PANGAEA - Data Publisher for Earth & Environmental Science",38367
1230764400000,"ETH Zurich",19220
1230764400000,"German Medical Science GMS Publishing House",3950
1230764400000,"Schloss Dagstuhl - Leibniz-Zentrum fuer Informatik GmbH, Wadern/Saarbruecken, Germany",134
1230764400000,"World Data Center for Climate (WDCC) at DKRZ",50
1230764400000,"Zürich",3
1230764400000,"Zürich, Institute of Geodesy and Photogrammetry, Swiss Federal Institute of Technology, ETH",3
1230764400000,"Birmensdorf, Eidg. Forschungsanstalt für Wald, Schnee und Landschaft WSL",1
1230764400000,"Deutsches GeoForschungsZentrum GFZ",1
1230764400000,"GFZ German Research Centre for Geosciences",1
1230764400000,"Konstanz, Hartung-Gorre Verlag",1
1230764400000,Zurich,1
1230764400000,"Zürich, Institut für Geodäsie und Photogrammetrie an der Eidgenössischen Technischen Hochschule ETH Zürich",1
1230764400000,"Zürich, vdf Hochschulverlag AG an der ETH Zürich",1
1262300400000,"PANGAEA - Data Publisher for Earth & Environmental Science",12625
1262300400000,"European Congress of Radiology",4875
1262300400000,"GESIS Data Archive",3969
1262300400000,"German Medical Science GMS Publishing House",3794
1262300400000,"ETH Zurich",817
1262300400000,"Schloss Dagstuhl - Leibniz-Zentrum fuer Informatik GmbH, Wadern/Saarbruecken, Germany",453
1262300400000,"Archaeology Data Service",328
1262300400000,"The Royal Australian and New Zealand College of Radiologists",120
1262300400000,"[Christoph Froschauer d. Ä.]",88
1262300400000,"Leibniz-Zentrum für Agrarlandschaftsforschung (ZALF) e.V.",55
1262300400000,"by Christoffel Froschouer",48
1262300400000,"ZPID Leibniz Institute for Psychology",33
1262300400000,"[Pamphilus Gengenbach]",30
1262300400000,"[Adam Petri]",28
1262300400000,"[Andreas Cratander]",28
1262300400000,"per Thomam Guarinum",20
1262300400000,"per Ioannem Oporinum",19
1262300400000,"apud Mich. Isingrinium",18
1262300400000,"by Samuel Apiario",17
1262300400000,"durch Christophorum Froschouer",17
1262300400000,"excudebat Leonardus Ostenius",17
1262300400000,"[Verlag nicht ermittelbar]",16
1262300400000,"apud Christophorum Froschouerum",16
1262300400000,"Centre d'Immunologie de Marseille-Luminy (CIML), Université de la Méditerranée, INSERM U631, CNRS UMR6102, Parc Scientifique et Technologique de Luminy, Case 906, F13288 Marseille cedex 09, France",13
1262300400000,"by Christoffel Froschower",12
1262300400000,"[Johannes Froben]",11
1262300400000,"ex officina Brylingeriana",9
1262300400000,"durch Johannsen Hager",8
1262300400000,"Delft University of Technology",7
1262300400000,"[Hans Rudolf Wyssenbach]",7
1262300400000,"[Heinrich Petri]",7
1262300400000,"[bey Samuel Apiario]",7
1262300400000,"Deutsches GeoForschungsZentrum GFZ",6
1262300400000,"[Christoph Froschauer d. J.]",6
1262300400000,"[Johannes Oporin]",6
1262300400000,"excudebat Froschouerus",6
1262300400000,"excudebat Ioannes le Preux",6
1262300400000,"excudebat Leonhardus Ostenius",6
1262300400000,"typis Oporinianis",6
1262300400000,"Laboratoire Analyse et Modélisation pour la Biologie et l'Environnement (LAMBE), CNRS UMR8587, CEA, Université Evry val d'Essonne, Bat. Mapertuis, Boulevard François Mitterrand, 91025 Evry Cedex, France",5
1262300400000,"Typis Leonhardi Ostenii",5
1262300400000,"[Johannes Bebel]",5
1262300400000,"[Michael Isengrin]",5
1262300400000,"[apud Andream Cratandrum]",5
1262300400000,"[by Christoffel Froschouer]",5
1262300400000,"[ex officina Ioannis Oporini]",5
1262300400000,"apud Eustathium Vignon",5
1262300400000,"apud Thomam Guarinum",5
1262300400000,"bey Samuel Apiario",5
1262300400000,"durch Sebastianum Henricpetri",5
1262300400000,"__other__",1129
1293836400000,"German Medical Science GMS Publishing House",5707
1293836400000,"PANGAEA - Data Publisher for Earth & Environmental Science",3129
1293836400000,"European Congress of Radiology",2188
1293836400000,"ETH Zurich",704
1293836400000,"DTU Library, Technical University of Denmark (DTU)",610
1293836400000,"Technische Informationsbibliothek u. Universitätsbibliothek",605
1293836400000,"GESIS Data Archive",546
1293836400000,"Alfred-Wegener-Institut für Polar- und Meeresforschung und Deutsche Gesellschaft für Polarforschung",478
1293836400000,"Geologisches Institut der Christian-Albrechts-Universität Kiel",412
1293836400000,"Schloss Dagstuhl - Leibniz-Zentrum fuer Informatik GmbH, Wadern/Saarbruecken, Germany",373
1293836400000,"Ernst & Sohn GmbH",317
1293836400000,"VCH Verlagsgesellschaft mbH",308
1293836400000,"Archiv für Polarforschung",284
1293836400000,"Deutsche Gesellschaft für Polarforschung",265
1293836400000,"The Royal Australian and New Zealand College of Radiologists",170
1293836400000,"Typis Conradi Waldkirchii",145
1293836400000,"Deutsche Gesellschaft für Polarforschung und Deutsches Archiv für Polarforschung",139
1293836400000,"Geologisch-Paläontologisches Institut und Museum, Christian-Albrechts-Universität, Kiel",91
1293836400000,"typis Conradi Waldkirchii",87
1293836400000,"Institut für Geowissenschaften, Christian-Albrechts-Universität, Kiel",84
1293836400000,"European Commission JRC Institute for Energy and Transport",63
1293836400000,"Archaeology Data Service",55
1293836400000,FLOSSmole,55
1293836400000,"Verlag Chemie GmbH",53
1293836400000,"typis Oporinianis",47
1293836400000,"excudebat Christophorus Froschouerus",45
1293836400000,"typis Leonhardi Ostenii",44
1293836400000,"Klinik und Poliklinik für Psychiatrie, Psychosomatik und Psychotherapie der Universität Regensburg am Bezirksklinikum und Universitätsbibliothek Regensburg",36
1293836400000,"ex officina Oporiniana",27
1293836400000,"World Data Center for Climate (WDCC) at DKRZ",23
1293836400000,"Colchester, Essex: UK Data Archive",22
1293836400000,"by Christoffel Froschower",22
1293836400000,"apud Christophorum Froschouerum",20
1293836400000,"typis Opor.",20
1293836400000,"Excudebat Leonardus Ostenius",17
1293836400000,"German Society of Horticultural Sciences (DGG)",17
1293836400000,"[Christoph Froschauer d. J.]",16
1293836400000,"by Christoffel Froschouer",16
1293836400000,"Laboratory for Climatology and Remote Sensing (LCRS), University of Marburg",15
1293836400000,"[Christoph Froschauer d. Ä.]",15
1293836400000,"Alfred-Wegener-Institut für Polar- und Meeresforschung",14
1293836400000,"NERC Environmental Information Data Centre",13
1293836400000,"Tipografia Elvetica",13
1293836400000,"typis Ostenianis",13
1293836400000,"Typis Leonhardi Ostenii",11
1293836400000,"Typis Oporinianis",11
1293836400000,"[Andreas Cratander]",11
1293836400000,"[s.n.]",11
1293836400000,"ex officina Gessneriana",11
1293836400000,"typis Oporin.",11
1293836400000,"__other__",1846
1325372400000,"Technische Informationsbibliothek u. Universitätsbibliothek",11856
1325372400000,"PANGAEA - Data Publisher for Earth & Environmental Science",7944
1325372400000,"German Medical Science GMS Publishing House",5055
1325372400000,"European Congress of Radiology",2527
1325372400000,"Sociedad Española de Radiología Médica",1532
1325372400000,"4TU.Centre for Research Data",1200
1325372400000,"ETH Zurich",865
1325372400000,"TU Delft",853
1325372400000,"Deutsches GeoForschungsZentrum GFZ",704
1325372400000,"UCAR/NCAR",538
1325372400000,"GESIS Data Archive",459
1325372400000,"Schloss Dagstuhl - Leibniz-Zentrum fuer Informatik GmbH, Wadern/Saarbruecken, Germany",447
1325372400000,"[Verlag nicht ermittelbar]",418
1325372400000,"Institut für Meeresforschung in Bremerhaven",321
1325372400000,"(:unav)",309
1325372400000,"Universität Hamburg",267
1325372400000,"Carbon Dioxide Information Analysis Center (CDIAC)",217
1325372400000,Unknown,189
1325372400000,"World Data Center for Climate (WDCC) at DKRZ",151
1325372400000,"Univ.",150
1325372400000,"European Society of Thoracic Imaging",119
1325372400000,"European Society of Muscoskeletal Radiology",95
1325372400000,"typis Davidis Gessneri",83
1325372400000,"Canadian Cryospheric Information Network",79
1325372400000,"Universität Kiel",68
1325372400000,"Leitstelle Deutsche Forschungsschiffe",64
1325372400000,"[Bodmer]",55
1325372400000,"Leibniz Universität Hannover (LUH)",52
1325372400000,"Techn. Univ.",50
1325372400000,"Archaeology Data Service",49
1325372400000,"The Royal Australian and New Zealand College of Radiologists",47
1325372400000,"Technische Universität Braunschweig, Institut für Informationssysteme",40
1325372400000,TU,38
1325372400000,"Editura Universitara",33
1325372400000,"typis Conradi Waldkirchii",31
1325372400000,"Typis Conradi Waldkirchii",27
1325372400000,"TU Delft, Delft",24
1325372400000,DLR,22
1325372400000,"Siemens AG",22
1325372400000,"[Johannes Amerbach]",22
1325372400000,"bey Johann Jacob Bodmer",22
1325372400000,GRS,21
1325372400000,"typis Ioannis Schroeteri",21
1325372400000,"[s.n.]",20
1325372400000,"Typis Davidis Gessneri",19
1325372400000,"Typis Ioannis Schroeteri",19
1325372400000,datalino,19
1325372400000,"Astrium GmbH",18
1325372400000,"typis Joh. Jacobi Bodmeri",18
1325372400000,FH,17
1325372400000,"__other__",12291
1356994800000,"DIE - German Institute for Adult Education",116077
1356994800000,"Barcode of Life Data Systems",30387
1356994800000,"PANGAEA - Data Publisher for Earth & Environmental Science",5905
1356994800000,"German Medical Science GMS Publishing House",5204
1356994800000,"Deutsches GeoForschungsZentrum GFZ",3575
1356994800000,"Technische Universiteit Eindhoven",3467
1356994800000,"European Congress of Radiology",2997
1356994800000,"Technische Informationsbibliothek u. Universitätsbibliothek",2087
1356994800000,"University Library Heidelberg",1943
1356994800000,"chemotion.net",958
1356994800000,"ETH Zurich",916
1356994800000,eCrystals,812
1356994800000,"Technische Hogeschool Eindhoven",589
1356994800000,"Schloss Dagstuhl - Leibniz-Zentrum fuer Informatik GmbH, Wadern/Saarbruecken, Germany",462
1356994800000,"Alfred-Wegener-Institut für Polar- und Meeresforschung",360
1356994800000,"University of Gothenburg",321
1356994800000,"G-Node",265
1356994800000,"GESIS Data Archive",256
1356994800000,"TU Delft",227
1356994800000,"[Verlag nicht ermittelbar]",215
1356994800000,"Politecnico di Torino",212
1356994800000,"Uppsala University",207
1356994800000,"European Commission JRC",186
1356994800000,"The Royal Australian and New Zealand College of Radiologists",173
1356994800000,"European Society of Muscoskeletal Radiology",156
1356994800000,"typis Iohan. Iacobi Genathii",117
1356994800000,"Typis Iohannis Schroeteri",100
1356994800000,"BIBB - Federal Institute for Vocational Education and Training",95
1356994800000,"Chair for Network Architectures and Services, Department of Computer Science, Technische Universität München",92
1356994800000,"World Data Center for Climate (WDCC) at DKRZ",77
1356994800000,"Christian-Albrechts-Universität zu Kiel",75
1356994800000,"Umeå University",71
1356994800000,"typis Ioan. Iacobi Genathii",70
1356994800000,"Institute of Dynamics and Vibration Research IDS, Leibniz University",69
1356994800000,"Archaeology Data Service",64
1356994800000,"Univ.",62
1356994800000,"DFG-Senatskommission für Ozeanographie",54
1356994800000,"Institut für Meereskunde der Universität Hamburg",54
1356994800000,"Physikalisch-Technische Bundesanstalt (PTB)",54
1356994800000,"Typis Iani Excertier",50
1356994800000,"Typis Conradi Waldkirchii",49
1356994800000,"typis Conradi Waldkirchii",43
1356994800000,"Purdue University Research Repository",40
1356994800000,"Typis Ioannis Schroeteri",40
1356994800000,"Columbia University",38
1356994800000,"Geographisches Institut der Universität zu Köln - Kölner Geographische Arbeiten",38
1356994800000,"typis Iacobi Bertschii",38
1356994800000,"typis Georgii Deckeri, academiae typographi",37
1356994800000,"TU Delft, department hydraulic engineering",35
1356994800000,"Typis Iacobi Bertschii",35
1356994800000,"__other__",5678
1388530800000,"DIE - German Institute for Adult Education",257116
1388530800000,"Imperial College London",171862
1388530800000,"University Library Heidelberg",5931
1388530800000,"German Medical Science GMS Publishing House",5117
1388530800000,"Alma Mater Studiorum - Università di Bologna",4433
1388530800000,"PANGAEA - Data Publisher for Earth & Environmental Science",4104
1388530800000,"European Congress of Radiology",2469
1388530800000,"มหาวิทยาลัยเกษตรศาสตร์,",1769
1388530800000,"chemotion.net",1729
1388530800000,"Technische Informationsbibliothek u. Universitätsbibliothek",1544
1388530800000,"European Commission JRC Institute for Energy and Transport",1537
1388530800000,"Sociedad Española de Radiología Médica",1359
1388530800000,"ETH Zurich",932
1388530800000,"UCD School of Architecture Landscape & Civil Engineering",718
1388530800000,"Deutsches GeoForschungsZentrum GFZ",576
1388530800000,"BSB - Bavarian State Library",530
1388530800000,"มหาวิทยาลัยเชียงใหม่,",422
1388530800000,"Schloss Dagstuhl - Leibniz-Zentrum fuer Informatik GmbH, Wadern/Saarbruecken, Germany",421
1388530800000,"UCAR/NCAR - Earth Observing Laboratory",412
1388530800000,"มหาวิทยาลัยรามคำแหง,",357
1388530800000,"Alfred-Wegener-Institut für Polar- und Meeresforschung",356
1388530800000,"Universita' degli Studi di Salerno",339
1388530800000,"Deutsche wissenschaftliche Kommission für Meeresforschung",303
1388530800000,"Kasetsart University,",298
1388530800000,"G-Node",294
1388530800000,"Technische Universiteit Eindhoven",294
1388530800000,"[Verlag nicht ermittelbar]",286
1388530800000,"The Royal Australian and New Zealand College of Radiologists",274
1388530800000,"University College, Dublin. Classical Museum",262
1388530800000,"GESIS Data Archive",261
1388530800000,"Verlag Paul Parey, Hamburg und Berlin",250
1388530800000,"Editura Universitara",217
1388530800000,"World Data Center for Climate (WDCC) at DKRZ",210
1388530800000,"University of Gothenburg",209
1388530800000,"European Commission JRC",195
1388530800000,"TU Delft",190
1388530800000,"Barcode of Life Data Systems",175
1388530800000,"มหาวิทยาลัยเทคโนโลยีพระจอมเกล้าธนบุรี,",173
1388530800000,"สมาคมวิศวกรเครื่องกลไทย",171
1388530800000,"จุฬาลงกรณ์มหาวิทยาลัย,",170
1388530800000,"Uppsala University",165
1388530800000,"มหาวิทยาลัยรังสิต",162
1388530800000,"Politecnico di Torino",139
1388530800000,"QsarDB repository (http://qsardb.org/)",120
1388530800000,"มหาวิทยาลัยนเรศวร,",120
1388530800000,"Semmelweis Egyetem",119
1388530800000,"Harvard Dataverse",114
1388530800000,"NERC Environmental Information Data Centre",111
1388530800000,"European Society of Thoracic Imaging",109
1388530800000,"European Society of Muscoskeletal Radiology",103
1388530800000,"__other__",8861
1420066800000,"UNITE Community",487435
1420066800000,"DANS Data Station Archaeology",24787
1420066800000,"LBNL Materials Project; Lawrence Berkeley National Laboratory (LBNL), Berkeley, CA (United States)",16431
1420066800000,"Imperial College London",14027
1420066800000,"University Library Heidelberg",8636
1420066800000,"PANGAEA - Data Publisher for Earth & Environmental Science",7819
1420066800000,"Technische Universität Dortmund",6751
1420066800000,"Rolling Deck to Repository (R2R) Program",5807
1420066800000,"German Medical Science GMS Publishing House",5404
1420066800000,"Technische Universität Berlin",4401
1420066800000,"Edition Topoi",4013
1420066800000,"Data Archiving and Networked Services (DANS)",3629
1420066800000,"The American Physical Society",3366
1420066800000,"European Commission JRC Institute for Energy and Transport",3029
1420066800000,"Pacific Linguistics",2624
1420066800000,"European Congress of Radiology",2594
1420066800000,"Universitätsbibliothek Tübingen",2570
1420066800000,"Gesellschaft für Didaktik der Mathematik",2254
1420066800000,"Universität Dortmund",1709
1420066800000,"Ordnance Survey (Ireland)",1369
1420066800000,"Technische Informationsbibliothek u. Universitätsbibliothek",1363
1420066800000,"Classiques Garnier",1285
1420066800000,"มหาวิทยาลัยเกษตรศาสตร์,",1261
1420066800000,"TUHH Universitätsbibliothek",1199
1420066800000,"GEO-Tag der Artenvielfalt",1191
1420066800000,"Environmental Research Institute (ERI), The University of Waikato",1137
1420066800000,"Plazi.org taxonomic treatments database",1049
1420066800000,"Philipps-Universität Marburg",958
1420066800000,"University of Edinburgh. College of Medicine and Veterinary Medicine",933
1420066800000,"Techn. Informationsbibl. und Univ.-Bibl.",833
1420066800000,"ETH Zurich",792
1420066800000,"Deutsches GeoForschungsZentrum GFZ",785
1420066800000,"TU Delft",781
1420066800000,"Schloss Dagstuhl - Leibniz-Zentrum fuer Informatik GmbH, Wadern/Saarbruecken, Germany",725
1420066800000,"มหาวิทยาลัยรามคำแหง,",633
1420066800000,"มหาวิทยาลัยศิลปากร,",610
1420066800000,"[Verlag nicht ermittelbar]",551
1420066800000,"UCAR/NCAR - Earth Observing Laboratory",494
1420066800000,"Lucius & Lucius Verlagsgesellschaft",485
1420066800000,"Westdeutscher Verlag",459
1420066800000,"Universitätsbibliothek Dortmund",451
1420066800000,"มหาวิทยาลัยนเรศวร,",426
1420066800000,"มหาวิทยาลัยขอนแก่น,",404
1420066800000,"[s.n.]",392
1420066800000,"Freie Universität Berlin",368
1420066800000,"Universitätsverlag der TU Berlin",356
1420066800000,"chemotion.net",353
1420066800000,"Barcode of Life Data Systems",345
1420066800000,"Alma Mater Studiorum - Università di Bologna",300
1420066800000,"Comisión nacional para el conocimiento y uso de la biodiversidad",282
1420066800000,"__other__",23926
1451602800000,PARADISEC,153257
1451602800000,"Leibniz Institut für Astrophysik Potsdam (AIP)",85251
1451602800000,"LBNL Materials Project; Lawrence Berkeley National Laboratory (LBNL), Berkeley, CA (United States)",51049
1451602800000,"Edition Topoi",36187
1451602800000,"Universität Passau, Lehrstuhl für Digital Humanities",29191
1451602800000,"Plazi.org taxonomic treatments database",9776
1451602800000,"Universität Stuttgart",8967
1451602800000,"Digital.CSIC",6292
1451602800000,"German Medical Science GMS Publishing House",5560
1451602800000,"University Library Heidelberg",5424
1451602800000,"Imperial College London",5385
1451602800000,"PANGAEA - Data Publisher for Earth & Environmental Science",5010
1451602800000,"JACoW, Geneva, Switzerland",4953
1451602800000,"Apollo - University of Cambridge Repository",4824
1451602800000,"Санкт-Петербургский политехнический университет Петра Великого",2821
1451602800000,"UCAR/NCAR - Earth Observing Laboratory",2432
1451602800000,"DANS Data Station Archaeology",2302
1451602800000,"มหาวิทยาลัยเกษตรศาสตร์",1789
1451602800000,"European Congress of Radiology",1722
1451602800000,"Schloss Dagstuhl - Leibniz-Zentrum fuer Informatik GmbH, Wadern/Saarbruecken, Germany",1171
1451602800000,"ETH Zurich",1098
1451602800000,"CSIC - Estación Experimental de Aula Dei (EEAD)",867
1451602800000,"มหาวิทยาลัยสุโขทัยธรรมาธิราช",791
1451602800000,"มหาวิทยาลัยธรรมศาสตร์,",683
1451602800000,"Technische Universität Berlin",668
1451602800000,"Gesellschaft für Didaktik der Mathematik",643
1451602800000,"Universität Tübingen",643
1451602800000,"Technische Universität Dortmund",616
1451602800000,"มหาวิทยาลัยมหิดล",591
1451602800000,"Mahidol University",579
1451602800000,"Rolling Deck to Repository (R2R) Program",556
1451602800000,"Comisión nacional para el conocimiento y uso de la biodiversidad",532
1451602800000,"Canadian Information Processing Society",445
1451602800000,"Mon-Khmer Studies Journal",435
1451602800000,"Philipps-Universität Marburg",427
1451602800000,"European Commission JRC",426
1451602800000,"Alma Mater Studiorum - Università di Bologna",402
1451602800000,"Fachinformationsdienst für internationale und interdisziplinäre Rechtsforschung (TEST)",400
1451602800000,"มหาวิทยาลัยศิลปากร",396
1451602800000,"Universität Freiburg",395
1451602800000,"มหาวิทยาลัยมหิดล,",391
1451602800000,"[s.n.]",337
1451602800000,"มหาวิทยาลัยเทคโนโลยีพระจอมเกล้าธนบุรี",331
1451602800000,"Journal of Integrative Bioinformatics",328
1451602800000,"มหาวิทยาลัยศิลปากร,",322
1451602800000,"University of Virginia",320
1451602800000,"มหาวิทยาลัยธรรมศาสตร์",320
1451602800000,"Technische Informationsbibliothek (TIB)",305
1451602800000,"GESIS Data Archive",300
1451602800000,"Harvard Dataverse",295
1451602800000,"__other__",33048
1483225200000,"Centro Internacional de Mejoramiento de Maíz y Trigo",204646
1483225200000,"National Folklore Collection, University College Dublin",162389
1483225200000,"International Centre for Agricultural Research in Dry Areas",154658
1483225200000,"International Rice Research Institute",124597
1483225200000,PARADISEC,27901
1483225200000,"Centre for Genetic Resources, the Netherlands",23050
1483225200000,"Université d'Ottawa / University of Ottawa",20109
1483225200000,"International Livestock Research Institute",18640
1483225200000,"International Institute of Tropical Agriculture",16950
1483225200000,"Centro Internacional de la Papa",15862
1483225200000,"Apollo - University of Cambridge Repository",9429
1483225200000,"Columbia University",8898
1483225200000,"Edition Topoi",7964
1483225200000,"Санкт-Петербургский политехнический университет Петра Великого",7922
1483225200000,"n.a.",6807
1483225200000,"Neotoma Paleoecological Database",6327
1483225200000,"Plazi.org taxonomic treatments database",6173
1483225200000,"Universität des Saarlandes",6142
1483225200000,"Humboldt-Universität zu Berlin",5572
1483225200000,"PANGAEA - Data Publisher for Earth & Environmental Science",5472
1483225200000,"German Medical Science GMS Publishing House",5070
1483225200000,"DANS Data Station Archaeology",4933
1483225200000,"Imperial College London",4115
1483225200000,"University of Virginia",4037
1483225200000,"Kooperation de Gruyter",3884
1483225200000,"Printed by Order of the International Commission on Zoological Nomenclature, London",3750
1483225200000,"Université de Genève",3386
1483225200000,"JACoW, Geneva, Switzerland",2688
1483225200000,"European Congress of Radiology",2586
1483225200000,"LBNL Materials Project; Lawrence Berkeley National Laboratory (LBNL), Berkeley, CA (United States)",2212
1483225200000,"Fachinformationsdienst für internationale und interdisziplinäre Rechtsforschung (TEST)",1983
1483225200000,Mendeley,1867
1483225200000,"Lebanese Agricultural Research Institute",1768
1483225200000,"Humboldt-Universität zu Berlin, Wirtschaftswissenschaftliche Fakultät",1738
1483225200000,"Bioversity International Musa Germplasm Transit Centre",1554
1483225200000,"Schloss Dagstuhl - Leibniz-Zentrum fuer Informatik GmbH, Wadern/Saarbruecken, Germany",1316
1483225200000,"Humboldt-Universität zu Berlin, Mathematisch-Naturwissenschaftliche Fakultät I",1292
1483225200000,"HSR (GESIS Leibniz Institute for the Social Sciences)",1262
1483225200000,"The James Hutton Institute",1203
1483225200000,"ETH Zurich",1163
1483225200000,"King Abdullah University of Science and Technology",1149
1483225200000,"Digital.CSIC",1116
1483225200000,"มหาวิทยาลัยธรรมศาสตร์",960
1483225200000,CIRM,948
1483225200000,"Geozon Science Media",924
1483225200000,"Technische Universität Berlin",867
1483225200000,"Indonesian Center for Agricultural Biotechnology and Genetic Resources Research and Development",849
1483225200000,"Universität Tübingen",833
1483225200000,"Humboldt-Universität zu Berlin, Mathematisch-Naturwissenschaftliche Fakultät II, Institut für Mathematik",809
1483225200000,"Humboldt-Universität zu Berlin, Medizinische Fakultät - Universitätsklinikum Charité",805
1483225200000,"__other__",55631
1514761200000,"UNITE Community",188197
1514761200000,"Leibniz Institut für Astrophysik Potsdam (AIP)",134947
1514761200000,"International Crop Research Institute for the Semi-Arid Tropics",120431
1514761200000,"Harvard Dataverse",83864
1514761200000,"Centro Internacional de Agricultura Tropical",67770
1514761200000,"National Folklore Collection, University College Dublin",64312
1514761200000,PARADISEC,61488
1514761200000,INRA,55973
1514761200000,BindingDB,32679
1514761200000,"Roper Center for Public Opinion Research",21039
1514761200000,"Africa Rice Center",18934
1514761200000,"University of Calgary",18306
1514761200000,"International Institute of Tropical Agriculture",17701
1514761200000,"Apollo - University of Cambridge Repository",17044
1514761200000,"Caltech Joint Center for Artificial Photosynthesis High Throughput Experimentation Project",14670
1514761200000,"Genetic Resources Unit, ICRAF",11807
1514761200000,"Centro Agronómico Tropical de Investigación y Enseñanza",10986
1514761200000,"Санкт-Петербургский политехнический университет Петра Великого",7399
1514761200000,Mendeley,6733
1514761200000,"DANS Data Station Archaeology",6613
1514761200000,"PANGAEA - Data Publisher for Earth & Environmental Science",5528
1514761200000,"Graduate Studies",5262
1514761200000,"Philipps-Universität Marburg",4907
1514761200000,"National Agricultural Research Center",4829
1514761200000,"Qualitative Data Repository",4218
1514761200000,"German Medical Science GMS Publishing House",4217
1514761200000,"My University",3863
1514761200000,"Universitäts- und Landesbibliothek Sachsen-Anhalt",3724
1514761200000,"Robert Koch-Institut",2995
1514761200000,"Atlas Of Living Australia",2982
1514761200000,CNGB,2770
1514761200000,"มหาวิทยาลัยธรรมศาสตร์",2576
1514761200000,"European Congress of Radiology",2476
1514761200000,"Plazi.org taxonomic treatments database",2215
1514761200000,"Centro Internacional de la Papa",2068
1514761200000,"JACoW Publishing, Geneva, Switzerland",2013
1514761200000,"Universitätsbibliothek der Ludwig-Maximilians-Universität München",1846
1514761200000,"Fachinformationsdienst für internationale und interdisziplinäre Rechtsforschung (TEST)",1807
1514761200000,"Environmental Design",1654
1514761200000,"Schloss Dagstuhl - Leibniz-Zentrum fuer Informatik GmbH, Wadern/Saarbruecken, Germany",1642
1514761200000,"Imperial College London",1620
1514761200000,DataverseNO,1545
1514761200000,"ETH Zurich",1526
1514761200000,"National Bureau of Plant Genetic Resources",1513
1514761200000,"International Centre for Agricultural Research in Dry Areas",1420
1514761200000,"Dipartimento di scienze Agrarie Alimentari e Ambientali, Università Politecnica delle Marche",1406
1514761200000,"Robert Koch-Institut, Epidemiologie und Gesundheitsberichterstattung",1400
1514761200000,"Columbia University",1385
1514761200000,"Humboldt-Universität zu Berlin",1328
1514761200000,"Universität Tübingen",1187
1514761200000,"__other__",82655
1546297200000,"Harvard Dataverse",148021
1546297200000,"Barcode of Life Data Systems",84123
1546297200000,"Columbia University",43047
1546297200000,"NARO Genebank",38960
1546297200000,"Neotoma Paleoecological Database",28089
1546297200000,"DANS Data Station Archaeology",27766
1546297200000,"Edition Topoi",22770
1546297200000,"The Australian National University",18624
1546297200000,Mendeley,17757
1546297200000,"Historisches Datenzentrum Sachsen-Anhalt",17249
1546297200000,"National Technological University of Athens",17223
1546297200000,"Freie Universität Berlin",15042
1546297200000,"Atlas Of Living Australia",13860
1546297200000,"Apollo - University of Cambridge Repository",12765
1546297200000,INRA,11402
1546297200000,PARADISEC,11123
1546297200000,"UNITE Community",10642
1546297200000,"Nanaimo Free Press",10099
1546297200000,"Charité - Universitätsmedizin Berlin",9845
1546297200000,"Democritus University of Thrace",9621
1546297200000,"Genetic Resources Institute",8387
1546297200000,"Imperial College London",8228
1546297200000,"University of Ioannina",6675
1546297200000,"จุฬาลงกรณ์มหาวิทยาลัย",6314
1546297200000,Pangloss,5676
1546297200000,"Centro Internacional de Mejoramiento de Maíz y Trigo",5465
1546297200000,"China National GeneBank",5015
1546297200000,"Portail Data Inra",4631
1546297200000,"Qualitative Data Repository",4595
1546297200000,"German Medical Science GMS Publishing House",4280
1546297200000,"International Institute of Tropical Agriculture",4184
1546297200000,"Chulalongkorn University",4137
1546297200000,"Plazi.org taxonomic treatments database",4024
1546297200000,"Royal Danish Library",3942
1546297200000,"The University of Texas at Austin",3521
1546297200000,"Plant Genetic Resources Centre",3496
1546297200000,"European Congress of Radiology",2888
1546297200000,"Maryland Shared Open Access Repository",2821
1546297200000,"International Rice Research Institute",2789
1546297200000,DataverseNO,2590
1546297200000,"Ð¡Ð°Ð½ÐºÑ-ÐÐµÑÐµÑÐ±ÑÑÐ³ÑÐºÐ¸Ð¹ Ð¿Ð¾Ð»Ð¸ÑÐµÑÐ½Ð¸ÑÐµÑÐºÐ¸Ð¹ ÑÐ½Ð¸Ð²ÐµÑÑÐ¸ÑÐµÑ ÐÐµÑÑÐ° ÐÐµÐ»Ð¸ÐºÐ¾Ð³Ð¾",2540
1546297200000,"Hannover : Gottfried Wilhelm Leibniz Universität Hannover",2403
1546297200000,BindingDB,2367
1546297200000,"Africa Rice Center",2366
1546297200000,"JACoW Publishing, Geneva, Switzerland",2295
1546297200000,"PANGAEA - Data Publisher for Earth & Environmental Science",2285
1546297200000,"Humboldt-Universität zu Berlin",2213
1546297200000,"Centre for Pacific Crops and Trees",2136
1546297200000,LaZAR,2134
1546297200000,"Санкт-Петербургский политехнический университет Петра Великого",2024
1546297200000,"__other__",119041
1577833200000,"Leibniz Institute of Plant Genetics and Crop Plant Research (IPK) Gatersleben",200122
1577833200000,"Harvard Dataverse",150374
1577833200000,"Architekturmuseum der Technischen Universität Berlin",145773
1577833200000,DataverseNO,72130
1577833200000,"LBNL Materials Project; Lawrence Berkeley National Laboratory (LBNL), Berkeley, CA (United States)",71763
1577833200000,PARADISEC,37435
1577833200000,"DANS Data Station Archaeology",26921
1577833200000,"Atlas Of Living Australia",18439
1577833200000,"Embrapa Arroz e Feijão",16893
1577833200000,Mendeley,16226
1577833200000,"Suceava Genebank",15529
1577833200000,"Apollo - University of Cambridge Repository",15289
1577833200000,"Ludwig-Maximilians-Universität München",14847
1577833200000,"International Center for Biosaline Agriculture",14524
1577833200000,"Roper Center for Public Opinion Research",9957
1577833200000,"Chandra X-ray Center/SAO",8464
1577833200000,"University of Thessaly",8060
1577833200000,"Dipartimento di scienze Agrarie Alimentari e Ambientali, Università Politecnica delle Marche",7967
1577833200000,"International Crop Research Institute for the Semi-Arid Tropics",7724
1577833200000,BindingDB,6281
1577833200000,"Portail Data INRAE",5642
1577833200000,"Universitätsbibliothek Braunschweig",4782
1577833200000,"Barcode of Life Data Systems",4691
1577833200000,"Johannes Gutenberg-Universität Mainz",4405
1577833200000,"Johns Hopkins University Data Archive",4212
1577833200000,"The University of Texas at Austin",4167
1577833200000,"Санкт-Петербургский политехнический университет Петра Великого",4095
1577833200000,"German Medical Science GMS Publishing House",4056
1577833200000,"Griffith University",4013
1577833200000,"Plazi.org taxonomic treatments database",3932
1577833200000,"Temple University. Libraries",3825
1577833200000,"PANGAEA - Data Publisher for Earth & Environmental Science",3809
1577833200000,"Qualitative Data Repository",3787
1577833200000,"Laboratoire de langues et civilisations à tradition orale",3605
1577833200000,"Columbia University",3307
1577833200000,"openforestdata.pl",3183
1577833200000,"National Technological University of Athens",3007
1577833200000,"University of Canterbury",2994
1577833200000,"Редакция журнала Экономика и предпринимательство",2818
1577833200000,"Philippine Rice Research Institute",2779
1577833200000,"Archaeology Data Service",2677
1577833200000,heiDATA,2633
1577833200000,"JACoW Publishing, Geneva, Switzerland",2584
1577833200000,"Imperial College London",2532
1577833200000,AUSSDA,2518
1577833200000,"European Congress of Radiology",2451
1577833200000,"International Potato Center",2418
1577833200000,"Centre de recherches linguistiques sur l'Asie orientale",2382
1577833200000,"chemotion.net",2382
1577833200000,"Genetic Resources Unit, ICRAF",2368
1577833200000,"__other__",188183
1609455600000,"UNITE Community",1676400
1609455600000,"Open Science Framework",95072
1609455600000,"NAKALA - https://nakala.fr (Huma-Num - CNRS)",77337
1609455600000,"Atlas Of Living Australia",45161
1609455600000,"GEUS Dataverse",36329
1609455600000,"Harvard Dataverse",23040
1609455600000,Mendeley,19868
1609455600000,"openforestdata.pl",19760
1609455600000,"SADC Plant Genetic Resources Centre",19339
1609455600000,"Chandra X-ray Center/SAO",17469
1609455600000,"DANS Data Station Archaeology",16721
1609455600000,"Apollo - University of Cambridge Repository",16543
1609455600000,DataverseNO,13806
1609455600000,"Embrapa Arroz e Feijão",11020
1609455600000,"Göttingen Research Online / Data",10497
1609455600000,"Trinity College Dublin, the University of Dublin",10234
1609455600000,"TU Wien",9813
1609455600000,"Portail Data INRAE",8673
1609455600000,"Leibniz Institute of Plant Genetics and Crop Plant Research (IPK) Gatersleben",8336
1609455600000,PARADISEC,7164
1609455600000,"International Crop Research Institute for the Semi-Arid Tropics",6973
1609455600000,"Universitäts- und Landesbibliothek Sachsen-Anhalt",6826
1609455600000,"Barcode of Life Data Systems",6596
1609455600000,"Caltech Joint Center for Artificial Photosynthesis High Throughput Experimentation Project",6545
1609455600000,"Plazi.org taxonomic treatments database",6086
1609455600000,DaRUS,6010
1609455600000,"Ð¡Ð°Ð½ÐºÑ-ÐÐµÑÐµÑÐ±ÑÑÐ³ÑÐºÐ¸Ð¹ Ð¿Ð¾Ð»Ð¸ÑÐµÑÐ½Ð¸ÑÐµÑÐºÐ¸Ð¹ ÑÐ½Ð¸Ð²ÐµÑÑÐ¸ÑÐµÑ ÐÐµÑÑÐ° ÐÐµÐ»Ð¸ÐºÐ¾Ð³Ð¾",5809
1609455600000,"My University",5782
1609455600000,"ICRISAT Plant Breeding Program",5166
1609455600000,"Neotoma Paleoecological Database",5008
1609455600000,Zenodo,4629
1609455600000,"Entrepôt de production",4551
1609455600000,"UCLA Dataverse",4425
1609455600000,Root,4160
1609455600000,"Ocean Networks Canada Society",4137
1609455600000,Borealis,4046
1609455600000,DataverseNL,4042
1609455600000,"Texas Student Publications",4017
1609455600000,"Roper Center for Public Opinion Research",3854
1609455600000,"Drexel University",3580
1609455600000,"จุฬาลงกรณ์มหาวิทยาลัย",3547
1609455600000,"Université de Lorraine",3504
1609455600000,"The University of Texas at Austin",3247
1609455600000,"PANGAEA - Data Publisher for Earth & Environmental Science",3116
1609455600000,"Imperial College London",3006
1609455600000,"Редакция журнала Экономика и предпринимательство",2939
1609455600000,"LBNL Materials Project; Lawrence Berkeley National Laboratory (LBNL), Berkeley, CA (United States)",2767
1609455600000,"Universitaet Tuebingen",2562
1609455600000,"n.a.",2444
1609455600000,"Freie Universität Berlin",2439
1609455600000,"__other__",246092
1640991600000,"Fundação Oswaldo Cruz",203128
1640991600000,"openforestdata.pl",81567
1640991600000,"NAKALA - https://nakala.fr (Huma-Num - CNRS)",39701
1640991600000,"Harvard Dataverse",39302
1640991600000,"Open Science Framework",28318
1640991600000,"UNSW Sydney",22231
1640991600000,Mendeley,18224
1640991600000,"GEUS Dataverse",17752
1640991600000,"Texas Student Publications",16540
1640991600000,PARADISEC,15491
1640991600000,DataverseNO,12831
1640991600000,"Atlas Of Living Australia",11249
1640991600000,"Architekturmuseum der Technischen Universität Berlin",10677
1640991600000,"International Crop Research Institute for the Semi-Arid Tropics",10668
1640991600000,"DANS Data Station Archaeology",9334
1640991600000,"Universitäts- und Landesbibliothek Sachsen-Anhalt",7994
1640991600000,"Apollo - University of Cambridge Repository",7345
1640991600000,"UMS PatriNat (OFB-CNRS-MNHN), Paris",6495
1640991600000,unkn,5860
1640991600000,"Portail Data INRAE",5332
1640991600000,"Göttingen Research Online / Data",5326
1640991600000,Zenodo,4797
1640991600000,"Dipartimento di scienze Agrarie Alimentari e Ambientali, Università Politecnica delle Marche",4342
1640991600000,"ICRISAT Plant Breeding Program",3775
1640991600000,DaRUS,3445
1640991600000,"Schloss Dagstuhl - Leibniz-Zentrum für Informatik",3203
1640991600000,"My University",3133
1640991600000,"IUPUI University Library",2873
1640991600000,"UCLA Dataverse",2821
1640991600000,"Plazi.org taxonomic treatments database",2727
1640991600000,"Barcode of Life Data Systems",2695
1640991600000,"Universitätsbibliothek Gießen",2493
1640991600000,Niemeyer,2466
1640991600000,"Telkom University Dataverse",2432
1640991600000,"chemotion.net",2209
1640991600000,"Centro Internacional de Mejoramiento de Maíz y Trigo",2099
1640991600000,"Редакция журнала Экономика и предпринимательство",2044
1640991600000,"Schüren",2009
1640991600000,"Recherche Data Gouv",1902
1640991600000,"n.a.",1875
1640991600000,"Universitaet Tuebingen",1857
1640991600000,"UNIMI Dataverse",1606
1640991600000,"Universität des Saarlandes",1354
1640991600000,"จุฬาลงกรณ์มหาวิทยาลัย",1349
1640991600000,"Freie Universität Berlin",1327
1640991600000,"Imperial College London",1321
1640991600000,"Université de Lorraine",1317
1640991600000,"Fachinformationsdienst für internationale und interdisziplinäre Rechtsforschung",1260
1640991600000,"GRO.data",1255
1640991600000,"TU Wien",1206
1640991600000,"__other__",153279
