"registered per year","client.name.keyword: Descending",Count
1072911600000,"World Data Center for Climate",12
1072911600000,PANGAEA,1
1104534000000,PANGAEA,20668
1104534000000,"World Data Center for Climate",1680
1136070000000,PANGAEA,46227
1136070000000,"World Data Center for Climate",79
1136070000000,"GFZ Data Services",1
1167606000000,PANGAEA,19197
1167606000000,"TIB KMO / FLOWWORKS GmbH",876
1167606000000,"World Data Center for Climate",4
1167606000000,"Bibliothek des Wissenschaftsparks Albert Einstein",3
1167606000000,GFZpublic,2
1199142000000,PANGAEA,17490
1199142000000,"World Data Center for Climate",3
1199142000000,"Bibliothek des Wissenschaftsparks Albert Einstein",1
1230764400000,PANGAEA,38367
1230764400000,"ETH Zürich Research Collection",19231
1230764400000,"German Medical Science",3950
1230764400000,"Dagstuhl Research Online Publication Server",134
1230764400000,"World Data Center for Climate",50
1230764400000,"Bibliothek des Wissenschaftsparks Albert Einstein",1
1230764400000,"GFZ Data Services",1
1262300400000,PANGAEA,12625
1262300400000,"European Society of Radiology",4995
1262300400000,"GESIS Leibniz Institute for the Social Sciences",3969
1262300400000,"German Medical Science",3794
1262300400000,"e-rara.ch",1652
1262300400000,"ETH Zürich Research Collection",817
1262300400000,"Dagstuhl Research Online Publication Server",453
1262300400000,"Archaeology Data Service",328
1262300400000,"Leibniz-Zentrum für Agrarlandschaftsforschung (ZALF) e. V.",55
1262300400000,"GESIS.ZPID",33
1262300400000,"INIST/CNRS Institut de l'Information Scientifique et Technique",31
1262300400000,"4TU.ResearchData",8
1262300400000,"Bibliothek des Wissenschaftsparks Albert Einstein",7
1262300400000,"World Data Center for Climate",4
1262300400000,"Astronomie-Rara (Deutsches Museum München)",1
1262300400000,"GFZ Data Services",1
1293836400000,"German Medical Science",5707
1293836400000,PANGAEA,3129
1293836400000,"Alfred Wegener Institute",2453
1293836400000,"European Society of Radiology",2358
1293836400000,"e-rara.ch",1957
1293836400000,"TIB Hannover",1054
1293836400000,"ETH Zürich Research Collection",704
1293836400000,"DTIC Datacenter",610
1293836400000,"GESIS Leibniz Institute for the Social Sciences",547
1293836400000,"Dagstuhl Research Online Publication Server",373
1293836400000,"ODIN: Online Data & Information Network for Energy",63
1293836400000,"Archaeology Data Service",55
1293836400000,"FLOSS Project, Syracuse University",55
1293836400000,"Universitätsbibliothek Regensburg",36
1293836400000,"World Data Center for Climate",23
1293836400000,"UK Data Archive",22
1293836400000,"Deutsche Gartenbauwissenschaftliche Gesellschaft e. V.",17
1293836400000,"Biodiversity and Sustainable Management of a Megadiverse Mountain Ecosystem in South Ecuador",15
1293836400000,"4TU.ResearchData",13
1293836400000,"NERC Environmental Data Service",13
1293836400000,"Bibliothek des Wissenschaftsparks Albert Einstein",10
1293836400000,DataCite,6
1293836400000,"GESIS.ZPID",5
1293836400000,"Forschungsdatenzentrum Sozio-ökonomisches Panel (FDZ SOEP)",4
1293836400000,"Forschungsdatenzentrum Deutsches Zentrum für Altersfragen (FDZ-DZA)",3
1293836400000,"HAWK Hildesheim - Hornemann Institut",3
1293836400000,"IPK Gatersleben",2
1293836400000,"NRC Digital Repository",2
1293836400000,"Bundesanstalt für Gewässerkunde",1
1293836400000,"Editura Universitara - Romania",1
1293836400000,"FreiDok plus",1
1293836400000,"GFZ Data Services",1
1293836400000,"Julius Kühn-Institut",1
1293836400000,MLData,1
1325372400000,"TIB Hannover",21945
1325372400000,PANGAEA,7944
1325372400000,"German Medical Science",5055
1325372400000,"European Society of Radiology",4320
1325372400000,"e-rara.ch",3131
1325372400000,"4TU.ResearchData",2092
1325372400000,"ETH Zürich Research Collection",865
1325372400000,"Alfred Wegener Institute",743
1325372400000,"GFZ Data Services",644
1325372400000,"UCAR/NCAR",539
1325372400000,"GESIS Leibniz Institute for the Social Sciences",459
1325372400000,"Dagstuhl Research Online Publication Server",447
1325372400000,"The Digital Archeological Record (tDAR)",319
1325372400000,"DOE Lawrence Berkeley National Laboratory (LBNL) Repository",199
1325372400000,"World Data Center for Climate",152
1325372400000,"TIB KMO / FLOWWORKS GmbH",92
1325372400000,"Canadian Polar Data Network",79
1325372400000,"Bibliothek des Wissenschaftsparks Albert Einstein",69
1325372400000,"HAWK Hildesheim - Hornemann Institut",62
1325372400000,"Archaeology Data Service",50
1325372400000,"TU Delft BK Books",48
1325372400000,"Oak Ridge National Laboratory Distributed Active Archive Center for Biogeochemical Dynamics",46
1325372400000,"Observatoire Midi-Pyrénées",45
1325372400000,"Editura Universitara - Romania",33
1325372400000,datalino,22
1325372400000,Movebank,18
1325372400000,"IPK Gatersleben",17
1325372400000,"NERC Environmental Data Service",15
1325372400000,"National Research Council Canada",11
1325372400000,"DESY - Deutsches Elektronen-Synchrotron",10
1325372400000,"UC San Francisco",9
1325372400000,MLData,6
1325372400000,"Earth Observing Laboratory",5
1325372400000,"Forschungsdatenzentrum Sozio-ökonomisches Panel (FDZ SOEP)",4
1325372400000,"Université de Nouvelle-Calédonie",4
1325372400000,"Barcode of Life Data Systems",3
1325372400000,"Biodiversity and Sustainable Management of a Megadiverse Mountain Ecosystem in South Ecuador",3
1325372400000,Canadensys,3
1325372400000,"Forschungsdatenzentrum Deutsches Zentrum für Altersfragen (FDZ-DZA)",3
1325372400000,"NRC Digital Repository",3
1325372400000,"National Oceanic and Atmospheric Administration (NOAA) National Centers for Environmental Information (NCEI)",3
1325372400000,"Purdue Libraries",3
1325372400000,"Bundesanstalt für Gewässerkunde",2
1325372400000,"Deutsches Institut für Wirtschaftsforschung (DIW) Berlin",2
1325372400000,"Digital Antiquity (TDAR)",2
1325372400000,"GESIS.ZPID",2
1325372400000,"Leibniz-Zentrum für Agrarlandschaftsforschung (ZALF) e. V.",2
1325372400000,"Observatoire MEMO : Mammifères Echantillonneurs du Milieu Océanique - Service d'Observation de l'Océan CNRS-INSU",2
1325372400000,"World Glacier Monitoring Service",2
1325372400000,DataCite,1
1325372400000,"__other__",3
1356994800000,"Deutsches Institut für Erwachsenenbildung",116077
1356994800000,"Barcode of Life Data Systems",30387
1356994800000,PANGAEA,5905
1356994800000,"German Medical Science",5204
1356994800000,"TIB Hannover",4169
1356994800000,"TU Eindhoven",4167
1356994800000,"GFZ Data Services",3613
1356994800000,"e-rara.ch",3496
1356994800000,"European Society of Radiology",3326
1356994800000,"University Library Heidelberg",1943
1356994800000,chemotion,958
1356994800000,"ETH Zürich Research Collection",916
1356994800000,"University of Southampton",812
1356994800000,"Swedish National Data Service",722
1356994800000,"Alfred Wegener Institute",619
1356994800000,"Dagstuhl Research Online Publication Server",462
1356994800000,"4TU.ResearchData",302
1356994800000,"German Neuroinformatics Node",265
1356994800000,"GESIS Leibniz Institute for the Social Sciences",257
1356994800000,"Politecnico di Torino",212
1356994800000,"ODIN: Online Data & Information Network for Energy",201
1356994800000,"HAWK Hildesheim - Hornemann Institut",137
1356994800000,"TU München - Informatik",105
1356994800000,"Forschungsdatenzentrum im Bundesinstitut für Berufsbildung",95
1356994800000,"World Data Center for Climate",77
1356994800000,"Direction de la Documentation et de l'Edition de l'Université de Lorraine",76
1356994800000,"Archaeology Data Service",64
1356994800000,"PTB-OAR",53
1356994800000,"The Digital Archeological Record (tDAR)",43
1356994800000,"Purdue Libraries",41
1356994800000,"Università degli Studi di Bologna",40
1356994800000,"NERC Environmental Data Service",39
1356994800000,"Columbia University Libraries",38
1356994800000,Movebank,21
1356994800000,"NRC Digital Repository",20
1356994800000,"LMU-ifo Economics & Business Data Center",18
1356994800000,"UCAR/NCAR",17
1356994800000,Canadensys,16
1356994800000,"Istituto Nazionale di Geofisica e Vulcanologia (INGV)",16
1356994800000,"UCD Digital Library",16
1356994800000,"Université de Nouvelle-Calédonie",16
1356994800000,"Staats- und Universitätsbibliothek Göttingen, Elektronisches Publizieren (EPU)",15
1356994800000,"Deutsche Gartenbauwissenschaftliche Gesellschaft e. V.",13
1356994800000,"Oak Ridge National Laboratory Distributed Active Archive Center for Biogeochemical Dynamics",13
1356994800000,"Bibliothek des Wissenschaftsparks Albert Einstein",12
1356994800000,"Texas Advanced Computing Center",12
1356994800000,"Observatoire Midi-Pyrénées",8
1356994800000,"Johns Hopkins University Library",7
1356994800000,"Nordicana D",7
1356994800000,"Editura Universitara - Romania",6
1356994800000,"__other__",84
1388530800000,"Deutsches Institut für Erwachsenenbildung",257116
1388530800000,"Imperial College London",171862
1388530800000,"University Library Heidelberg",5934
1388530800000,"German Medical Science",5117
1388530800000,"NRCT Data Center",5089
1388530800000,"Università degli Studi di Bologna",4435
1388530800000,"European Society of Radiology",4314
1388530800000,PANGAEA,4104
1388530800000,"TIB Hannover",3372
1388530800000,"e-rara.ch",3326
1388530800000,"ODIN: Online Data & Information Network for Energy",1732
1388530800000,chemotion,1729
1388530800000,"Alfred Wegener Institute",1156
1388530800000,"UCD Digital Library",1001
1388530800000,"ETH Zürich Research Collection",935
1388530800000,"GFZ Data Services",596
1388530800000,"Bayerische Staatsbibliothek",530
1388530800000,"Swedish National Data Service",443
1388530800000,"Dagstuhl Research Online Publication Server",421
1388530800000,"Earth Observing Laboratory",412
1388530800000,"GESIS Leibniz Institute for the Social Sciences",352
1388530800000,"Università degli Studi di Salerno",348
1388530800000,"TU Eindhoven",312
1388530800000,"German Neuroinformatics Node",294
1388530800000,"Editura Universitara - Romania",217
1388530800000,"4TU.ResearchData",212
1388530800000,"World Data Center for Climate",210
1388530800000,"University of Edinburgh",193
1388530800000,"Barcode of Life Data Systems",175
1388530800000,"TIB KMO / FLOWWORKS GmbH",169
1388530800000,"Politecnico di Torino",139
1388530800000,"Qsardb Databank",120
1388530800000,"Semmelweis Egyetem",120
1388530800000,"NERC Environmental Data Service",117
1388530800000,"Harvard Dataverse",114
1388530800000,Zenodo,99
1388530800000,"Purdue Libraries",87
1388530800000,"Technische Universität Berlin – Universitätsbibliothek",85
1388530800000,"Archaeology Data Service",74
1388530800000,"Columbia University Libraries",74
1388530800000,"Scholars Portal Dataverse",70
1388530800000,"Classiques GARNIER",61
1388530800000,"National Research Council Canada",52
1388530800000,"PTB-OAR",52
1388530800000,"Miskolci Egyetem",48
1388530800000,"Szent István Egyetem",43
1388530800000,"Rutgers University Community Repository (RUcore)",42
1388530800000,Movebank,38
1388530800000,"Forschungsdatenzentrum im Bundesinstitut für Berufsbildung",37
1388530800000,"Marine Scotland",35
1388530800000,"__other__",775
1420066800000,"Plutof.  Data Management and Publishing Platform",487435
1420066800000,EASY,28473
1420066800000,"Technische Universität Dortmund",16490
1420066800000,"DOE Lawrence Berkeley National Laboratory (LBNL) Repository",16432
1420066800000,"Imperial College London",14027
1420066800000,"University Library Heidelberg",8636
1420066800000,PANGAEA,7819
1420066800000,"NRCT Data Center",6450
1420066800000,"Rolling Deck to Repository",5807
1420066800000,"Global Biodiversity Information Facility",5535
1420066800000,"German Medical Science",5404
1420066800000,"TIB Hannover",5028
1420066800000,"e-rara.ch",4893
1420066800000,"Technische Universität Berlin – Universitätsbibliothek",4810
1420066800000,"HU Berlin - Excellence Cluster Topoi, Freie Universität Berlin/Humboldt-Universität zu Berlin",4013
1420066800000,"ODIN: Online Data & Information Network for Energy",3058
1420066800000,"European Society of Radiology",2948
1420066800000,"Universitätsbibliothek Tübingen",2751
1420066800000,"California Digital Library",2625
1420066800000,"UCD Digital Library",1665
1420066800000,"Classiques GARNIER",1306
1420066800000,"TUHH Open Research",1270
1420066800000,"LERNZdb in Figshare.com",1137
1420066800000,"Bern Open Research Information System (BORIS)",1077
1420066800000,"University of Edinburgh",1077
1420066800000,"Universitätsbibliothek Marburg",958
1420066800000,"4TU.ResearchData",812
1420066800000,"GFZ Data Services",812
1420066800000,"ETH Zürich Research Collection",792
1420066800000,"Dagstuhl Research Online Publication Server",725
1420066800000,"Earth Observing Laboratory",488
1420066800000,"GESIS Leibniz Institute for the Social Sciences",383
1420066800000,"Universitätsbibliothek der FU Berlin Hochschulschriftenstelle u. Dokumentenserver",365
1420066800000,"Analysis and Policy Observatory",353
1420066800000,chemotion,353
1420066800000,"Barcode of Life Data Systems",345
1420066800000,"Università degli Studi di Bologna",301
1420066800000,"Università degli Studi di Salerno",272
1420066800000,"Bayerische Staatsbibliothek",264
1420066800000,"Alfred Wegener Institute",261
1420066800000,"World Data Center for Climate",258
1420066800000,"TIB KMO / FLOWWORKS GmbH",253
1420066800000,"German Neuroinformatics Node",227
1420066800000,"Harvard Dataverse",221
1420066800000,"FreiDok plus",213
1420066800000,"Purdue Libraries",212
1420066800000,"Archaeology Data Service",205
1420066800000,"Semmelweis Egyetem",200
1420066800000,"Istituto Nazionale di Fisica Nucleare. Centro Nazionale Analisi Fotogrammi",188
1420066800000,"Inter-Zwei-Dok",183
1420066800000,"__other__",3972
1451602800000,PARADISEC,153257
1451602800000,"Leibniz-Institut für Astrophysik Potsdam (AIP)",85274
1451602800000,"DOE Lawrence Berkeley National Laboratory (LBNL) Repository",51050
1451602800000,"HU Berlin - Excellence Cluster Topoi, Freie Universität Berlin/Humboldt-Universität zu Berlin",36187
1451602800000,"Universitätsbibliothek Passau",29192
1451602800000,"NRCT Data Center",12426
1451602800000,"Global Biodiversity Information Facility",11071
1451602800000,"Universitätsbibliothek Stuttgart",8965
1451602800000,"TIB Hannover",8755
1451602800000,"Digital CSIC",7169
1451602800000,"German Medical Science",5560
1451602800000,"University Library Heidelberg",5439
1451602800000,"Imperial College London",5385
1451602800000,JACOW,5034
1451602800000,PANGAEA,5010
1451602800000,Apollo,4470
1451602800000,"e-rara.ch",3368
1451602800000,"Electronic Library of Peter the Great Polytechnic University",2863
1451602800000,EASY,2519
1451602800000,"Earth Observing Laboratory",2091
1451602800000,"European Society of Radiology",2020
1451602800000,"Technische Universität Dortmund",1274
1451602800000,"Dagstuhl Research Online Publication Server",1171
1451602800000,"ETH Zürich Research Collection",1095
1451602800000,"Canada Human-Computer Communications Society",1019
1451602800000,"Leibniz Universität Hannover",847
1451602800000,"Universitätsbibliothek Tübingen",812
1451602800000,"Technische Universität Berlin – Universitätsbibliothek",720
1451602800000,"California Digital Library",702
1451602800000,"ODIN: Online Data & Information Network for Energy",671
1451602800000,"Rolling Deck to Repository",556
1451602800000,"FreiDok plus",472
1451602800000,"Inter-Zwei-Dok",463
1451602800000,"TIB KMO / FLOWWORKS GmbH",460
1451602800000,"Bern Open Research Information System (BORIS)",445
1451602800000,"Universitätsbibliothek Marburg",443
1451602800000,"GESIS Leibniz Institute for the Social Sciences",440
1451602800000,"Università degli Studi di Bologna",402
1451602800000,"Alfred Wegener Institute",391
1451602800000,"University of Edinburgh",363
1451602800000,"TU Eindhoven",355
1451602800000,"University of Cambridge",355
1451602800000,"UC Santa Barbara",341
1451602800000,"SiB Colombia - GBIF Colombia",339
1451602800000,"4TU.ResearchData",331
1451602800000,Libra,321
1451602800000,"Harvard Dataverse",295
1451602800000,"Bielefeld University",293
1451602800000,"UCD Digital Library",280
1451602800000,"University of Ottawa - Library",279
1451602800000,"__other__",8213
1483225200000,"International Treaty on Plant Genetic Resources for Food and Agriculture",564926
1483225200000,"UCD Digital Library",163331
1483225200000,PARADISEC,27901
1483225200000,"University of Ottawa - Library",20109
1483225200000,"HU Berlin - edoc-Server, Institutional Repository Humboldt-Universität zu Berlin",18658
1483225200000,"Graphische Sammlung",12510
1483225200000,"Columbia University Libraries",8898
1483225200000,"Electronic Library of Peter the Great Polytechnic University",8540
1483225200000,Apollo,8360
1483225200000,"HU Berlin - Excellence Cluster Topoi, Freie Universität Berlin/Humboldt-Universität zu Berlin",7964
1483225200000,"Global Biodiversity Information Facility",7560
1483225200000,"TIB Hannover",6560
1483225200000,"NRCT Data Center",6464
1483225200000,"Neotoma Paleoecological Database",6327
1483225200000,"Universität des Saarlandes",6138
1483225200000,PANGAEA,5472
1483225200000,"National University of Singapore",5333
1483225200000,EASY,5170
1483225200000,"German Medical Science",5070
1483225200000,"Imperial College London",4114
1483225200000,Libra,4066
1483225200000,"Uni Genf",3401
1483225200000,"European Society of Radiology",3040
1483225200000,JACOW,2915
1483225200000,"DOE Lawrence Berkeley National Laboratory (LBNL) Repository",2213
1483225200000,"FID-GEO SUB",2081
1483225200000,"Inter-Zwei-Dok",2068
1483225200000,"UC San Diego",1871
1483225200000,"Mendeley Data",1867
1483225200000,"Leibniz Universität Hannover",1536
1483225200000,"e-rara.ch",1508
1483225200000,"GESIS Leibniz Institute for the Social Sciences",1504
1483225200000,"Dagstuhl Research Online Publication Server",1316
1483225200000,"ETH Zürich Research Collection",1162
1483225200000,"Digital CSIC",1123
1483225200000,"University of Cambridge",1071
1483225200000,"Centre International de Rencontres Mathématiques",948
1483225200000,"Technische Universität Berlin – Universitätsbibliothek",928
1483225200000,"Universitätsbibliothek Tübingen",914
1483225200000,"GEOMAR-Bibliothek",802
1483225200000,"RWTH Publications",793
1483225200000,"DESY - Deutsches Elektronen-Synchrotron",745
1483225200000,"Science and Technology Facilities Council",710
1483225200000,"FreiDok plus",586
1483225200000,"Günter Grass Stiftung Bremen Medienarchiv",568
1483225200000,"University of Edinburgh",567
1483225200000,"Technische Universität Dortmund",550
1483225200000,"Association en Recherche d’Information et Applications",544
1483225200000,"California Digital Library",540
1483225200000,"Psychology Archives",537
1483225200000,"__other__",14327
1514761200000,"International Treaty on Plant Genetic Resources for Food and Agriculture",262696
1514761200000,"Plutof.  Data Management and Publishing Platform",188197
1514761200000,"Leibniz-Institut für Astrophysik Potsdam (AIP)",134957
1514761200000,"Harvard Dataverse",83865
1514761200000,"UCD Digital Library",64355
1514761200000,PARADISEC,61488
1514761200000,"Data INRAE",56005
1514761200000,"UC San Diego",32776
1514761200000,"University of Calgary",31315
1514761200000,"Roper Center for Public Opinion Research  iPOLL",21039
1514761200000,Apollo,16280
1514761200000,"Caltech High Throughput Experimentation",14670
1514761200000,"NRCT Data Center",10637
1514761200000,"Electronic Library of Peter the Great Polytechnic University",7853
1514761200000,EASY,7264
1514761200000,"Mendeley Data",6733
1514761200000,"Universitäts- und Landesbibliothek Sachsen-Anhalt",6681
1514761200000,"TIB Hannover",6103
1514761200000,"HU Berlin - Robert-Koch-Institut (RKI)",5826
1514761200000,PANGAEA,5528
1514761200000,"Universitätsbibliothek Marburg",4901
1514761200000,"Global Biodiversity Information Facility",4476
1514761200000,"University of Maryland Libraries Repositories",4315
1514761200000,"Syracuse University Qualitative Data Repository",4221
1514761200000,"German Medical Science",4217
1514761200000,JACOW,3038
1514761200000,"Atlas of Living Australia",2982
1514761200000,MEDIAREP,2956
1514761200000,"European Society of Radiology",2822
1514761200000,CGA,2770
1514761200000,VIUspace,2740
1514761200000,"Inter-Zwei-Dok",1852
1514761200000,"Universitätsbibliothek der LMU",1846
1514761200000,"Leibniz Universität Hannover",1707
1514761200000,"Dagstuhl Research Online Publication Server",1642
1514761200000,"e-rara.ch",1634
1514761200000,"Imperial College London",1620
1514761200000,"SAEON Data Centre",1581
1514761200000,"Technische Universität Berlin – Universitätsbibliothek",1552
1514761200000,DataverseNO,1545
1514761200000,"Technische Universität Dortmund",1521
1514761200000,"ETH Zürich Research Collection",1517
1514761200000,"Psychology Archives",1411
1514761200000,"Columbia University Libraries",1385
1514761200000,"NSD – Norsk senter for forskningsdata",1331
1514761200000,"Universitätsbibliothek Tübingen",1297
1514761200000,"HU Berlin - edoc-Server, Institutional Repository Humboldt-Universität zu Berlin",990
1514761200000,"Recherche Data Gouv Repository France",949
1514761200000,"FID-GEO SUB",911
1514761200000,"Australian Data Archive",867
1514761200000,"__other__",30606
1546297200000,"Harvard Dataverse",148021
1546297200000,"Barcode of Life Data Systems",84123
1546297200000,"International Treaty on Plant Genetic Resources for Food and Agriculture",78173
1546297200000,"Columbia University Libraries",43047
1546297200000,EASY,28103
1546297200000,"Neotoma Paleoecological Database",28089
1546297200000,"Universitätsbibliothek der FU Berlin Hochschulschriftenstelle u. Dokumentenserver",24851
1546297200000,"HU Berlin - Excellence Cluster Topoi, Freie Universität Berlin/Humboldt-Universität zu Berlin",22771
1546297200000,"The Australian National University",20190
1546297200000,"Verbundzentrale des GBV",18381
1546297200000,"Universitäts- und Landesbibliothek Sachsen-Anhalt",18176
1546297200000,"Mendeley Data",17758
1546297200000,"National Technical University of Athens (NTUA)",17223
1546297200000,"NRCT Data Center",17173
1546297200000,"Atlas of Living Australia",14239
1546297200000,Apollo,11857
1546297200000,"Data INRAE",11400
1546297200000,PARADISEC,11123
1546297200000,"Plutof.  Data Management and Publishing Platform",10642
1546297200000,VIUspace,10554
1546297200000,"Democritus University of Thrace",9621
1546297200000,"University of Ioannina",9565
1546297200000,"Imperial College London",8228
1546297200000,"Global Biodiversity Information Facility",6727
1546297200000,"University of Texas Libraries",5798
1546297200000,"Langues et Civilisations à Tradition Orale",5677
1546297200000,"TIB Hannover",5324
1546297200000,"Recherche Data Gouv Repository France",5223
1546297200000,"Syracuse University Qualitative Data Repository",5023
1546297200000,"Electronic Library of Peter the Great Polytechnic University",4935
1546297200000,"Leibniz Universität Hannover",4886
1546297200000,"German Medical Science",4280
1546297200000,"Det Kgl. Bibliotek",3943
1546297200000,"University of Maryland Libraries Repositories",3904
1546297200000,"European Society of Radiology",3469
1546297200000,"Universitätsbibliothek Tübingen",2827
1546297200000,DataverseNO,2590
1546297200000,"UC San Diego",2416
1546297200000,JACOW,2295
1546297200000,PANGAEA,2285
1546297200000,"University of Vienna",1972
1546297200000,"The Digital Archeological Record (tDAR)",1889
1546297200000,"Digital CSIC",1879
1546297200000,"ETH Zürich Research Collection",1796
1546297200000,"Technische Universität Berlin – Universitätsbibliothek",1683
1546297200000,"Universitätsbibliothek der TU Braunschweig",1660
1546297200000,"Inter-Zwei-Dok",1637
1546297200000,"Dagstuhl Research Online Publication Server",1491
1546297200000,MEDIAREP,1458
1546297200000,"Caltech Library",1378
1546297200000,"__other__",51737
1577833200000,"Genebank Information System of the IPK Gatersleben",200122
1577833200000,"Harvard Dataverse",150374
1577833200000,"Technische Universität Berlin – Universitätsbibliothek",147421
1577833200000,DataverseNO,72130
1577833200000,"DOE Lawrence Berkeley National Laboratory (LBNL) Repository",71790
1577833200000,"International Treaty on Plant Genetic Resources for Food and Agriculture",70724
1577833200000,PARADISEC,37435
1577833200000,EASY,27389
1577833200000,"Atlas of Living Australia",18580
1577833200000,NAKALA,18126
1577833200000,"Mendeley Data",16229
1577833200000,"Universitätsbibliothek der TU Braunschweig",16082
1577833200000,"Universitätsbibliothek der LMU",14838
1577833200000,Apollo,13139
1577833200000,"NRCT Data Center",10374
1577833200000,"Roper Center for Public Opinion Research  iPOLL",9957
1577833200000,"UC Research Repository",9867
1577833200000,"The Chandra Data Archive",8464
1577833200000,"University of Thessaly",8063
1577833200000,"Electronic Library of Peter the Great Polytechnic University",7474
1577833200000,"UC San Diego",6366
1577833200000,"Global Biodiversity Information Facility",5453
1577833200000,"Universitätsbibliothek Johannes Gutenberg Universität Mainz",5196
1577833200000,"TIB Hannover",5040
1577833200000,"University of Texas Libraries",4904
1577833200000,"Barcode of Life Data Systems",4691
1577833200000,"TIB Repositorium",4651
1577833200000,TUScholarShare,4583
1577833200000,"Recherche Data Gouv Repository France",4513
1577833200000,"Johns Hopkins University Library",4212
1577833200000,"German Medical Science",4056
1577833200000,"Griffith University Research Data Repository",4018
1577833200000,"Syracuse University Qualitative Data Repository",3840
1577833200000,PANGAEA,3809
1577833200000,"Institutional Repository FHNW",3549
1577833200000,"Det Kgl. Bibliotek",3491
1577833200000,"Columbia University Libraries",3313
1577833200000,"University of Maryland Libraries Repositories",3239
1577833200000,"Universitäts- und Landesbibliothek Sachsen-Anhalt",3184
1577833200000,"Instytut Biologii Ssaków Polskiej Akademii Nauk",3183
1577833200000,"National Technical University of Athens (NTUA)",3007
1577833200000,"Editorial Board of Economics and Entrepreneurship",2818
1577833200000,"Digital CSIC",2807
1577833200000,"ETHZ Thomas Mann Archiv",2698
1577833200000,"European Society of Radiology",2698
1577833200000,"Archaeology Data Service",2677
1577833200000,"University Library Heidelberg",2633
1577833200000,"Universitätsbibliothek Tübingen",2628
1577833200000,"The Austrian Social Science Data Archive",2607
1577833200000,JACOW,2584
1577833200000,"__other__",113929
1609455600000,"Plutof.  Data Management and Publishing Platform",1676402
1609455600000,"Open Science Framework",95072
1609455600000,"International Treaty on Plant Genetic Resources for Food and Agriculture",74101
1609455600000,"Universitäts- und Landesbibliothek Sachsen-Anhalt",45265
1609455600000,"Atlas of Living Australia",45226
1609455600000,NAKALA,40387
1609455600000,"Huma-Num",38149
1609455600000,"Geological Survey of Denmark and Greenland (GEUS)",36329
1609455600000,"Harvard Dataverse",23040
1609455600000,"Mendeley Data",20024
1609455600000,"Instytut Biologii Ssaków Polskiej Akademii Nauk",19760
1609455600000,"The Chandra Data Archive",17469
1609455600000,EASY,17281
1609455600000,Apollo,16507
1609455600000,"NRCT Data Center",15425
1609455600000,DataverseNO,13806
1609455600000,"Göttingen Research Online",11060
1609455600000,"Digital Collections",10234
1609455600000,reposiTUm,9865
1609455600000,"University of Texas Libraries",9412
1609455600000,"Global Biodiversity Information Facility",8768
1609455600000,"Recherche Data Gouv Repository France",8516
1609455600000,"Genebank Information System of the IPK Gatersleben",8336
1609455600000,"Direction de la Documentation et de l'Edition de l'Université de Lorraine",8055
1609455600000,"Electronic Library of Peter the Great Polytechnic University",7498
1609455600000,PARADISEC,7164
1609455600000,"Universitätsbibliothek Stuttgart",6651
1609455600000,"Barcode of Life Data Systems",6596
1609455600000,"Caltech High Throughput Experimentation",6545
1609455600000,"TIB Hannover",5016
1609455600000,"Neotoma Paleoecological Database",5008
1609455600000,Zenodo,4622
1609455600000,"UC Los Angeles",4425
1609455600000,"Ocean Networks Canada Society",4137
1609455600000,"Telkom University",4092
1609455600000,"Scholars Portal Dataverse",4048
1609455600000,DataverseNL,4042
1609455600000,"Roper Center for Public Opinion Research  iPOLL",3854
1609455600000,"Universitätsbibliothek Tübingen",3838
1609455600000,"Universitätsbibliothek der FU Berlin Hochschulschriftenstelle u. Dokumentenserver",3768
1609455600000,"University of Michigan Library",3663
1609455600000,"Graphische Sammlung",3624
1609455600000,"Drexel University Libraries",3580
1609455600000,"University of Maryland Libraries Repositories",3451
1609455600000,PANGAEA,3116
1609455600000,"Imperial College London",3006
1609455600000,"Editorial Board of Economics and Entrepreneurship",2939
1609455600000,"DOE Lawrence Berkeley National Laboratory (LBNL) Repository",2779
1609455600000,"Russian Agency for Digital Standardization",2750
1609455600000,TUScholarShare,2525
1609455600000,"__other__",139261
1640991600000,"Repositório 1 da Fiocruz",203132
1640991600000,"Instytut Biologii Ssaków Polskiej Akademii Nauk",81567
1640991600000,"International Treaty on Plant Genetic Resources for Food and Agriculture",40626
1640991600000,NAKALA,40364
1640991600000,"Universitäts- und Landesbibliothek Sachsen-Anhalt",39734
1640991600000,"Harvard Dataverse",39302
1640991600000,"Open Science Framework",28318
1640991600000,"University of New South Wales",22282
1640991600000,"University of Texas Libraries",18882
1640991600000,"Mendeley Data",18755
1640991600000,"Geological Survey of Denmark and Greenland (GEUS)",17752
1640991600000,PARADISEC,15491
1640991600000,DataverseNO,12831
1640991600000,"Technische Universität Berlin – Universitätsbibliothek",11826
1640991600000,"Atlas of Living Australia",11343
1640991600000,Intranda,11135
1640991600000,"Global Biodiversity Information Facility",10055
1640991600000,EASY,7837
1640991600000,Apollo,7343
1640991600000,"Recherche Data Gouv Repository France",7070
1640991600000,"Göttingen Research Online",6581
1640991600000,MEDIAREP,5573
1640991600000,Zenodo,4792
1640991600000,"NRCT Data Center",4574
1640991600000,"Universitätsbibliothek Stuttgart",3837
1640991600000,"Dagstuhl Research Online Publication Server",3203
1640991600000,"TIB Hannover",3021
1640991600000,"IUPUI University Library",2887
1640991600000,"UC Los Angeles",2823
1640991600000,"Barcode of Life Data Systems",2695
1640991600000,"Universitätsbibliothek Tübingen",2592
1640991600000,"Universitätsbibliothek Gießen",2493
1640991600000,"Psychology Archives",2450
1640991600000,"Telkom University",2448
1640991600000,"Graphische Sammlung",2383
1640991600000,"European Language Grid",2376
1640991600000,"Universitätsbibliothek der FU Berlin Hochschulschriftenstelle u. Dokumentenserver",2283
1640991600000,chemotion,2209
1640991600000,"DANS Data Stations",2191
1640991600000,"Editorial Board of Economics and Entrepreneurship",2044
1640991600000,"TIB Repositorium",1957
1640991600000,"Russian Agency for Digital Standardization",1804
1640991600000,"TIB KMO / FLOWWORKS GmbH",1760
1640991600000,"Università degli Studi di Milano",1603
1640991600000,"University of Maryland Libraries Repositories",1367
1640991600000,"Universität des Saarlandes",1352
1640991600000,"eiuc.gc.repository",1338
1640991600000,"Imperial College London",1321
1640991600000,"Direction de la Documentation et de l'Edition de l'Université de Lorraine",1317
1640991600000,"Zurich Open Plattform",1307
1640991600000,"__other__",71169
